document_id,item_name,kana,document_page_number,pdf_page_number,source_type,memo,sort_order
medicare_2025_12,IgA 腎症,アイジーエージンショウ,61,64,傷病名索引,,1
medicare_2025_12,亜急性甲状腺炎,アキュウセイコウジョウセンエン,70,73,傷病名索引,,2
medicare_2025_12,アキレス腱断裂,アキレスケンダンレツ,43,46,傷病名索引,,3
medicare_2025_12,悪性睾丸腫瘍,アクセイコウガンシュヨウ,83,86,傷病名索引,,4
medicare_2025_12,悪性黒色腫,アクセイコクショクシュ,84,87,傷病名索引,,5
medicare_2025_12,悪性中皮腫,アクセイチュウヒシュ,84,87,傷病名索引,,6
medicare_2025_12,悪性貧血,アクセイヒンケツ,67,70,傷病名索引,,7
medicare_2025_12,悪性リンパ腫,アクセイリンパシュ,84,87,傷病名索引,,8
medicare_2025_12,アジソン病,アジソンビョウ,72,75,傷病名索引,,9
medicare_2025_12,アスベスト肺,アスベストハイ,49,52,傷病名索引,,10
medicare_2025_12,アスペルガー症候群,アスペルガーショウコウグン,63,66,傷病名索引,,11
medicare_2025_12,あせも,アセモ,40,43,傷病名索引,,12
medicare_2025_12,アデノイド,アデノイド,40,43,傷病名索引,,13
medicare_2025_12,アテローム,アテローム,80,83,傷病名索引,,14
medicare_2025_12,アトピー性皮膚炎,アトピーセイヒフエン,41,44,傷病名索引,,15
medicare_2025_12,アナフィラキシーショック,アナフィラキシーショック,87,90,傷病名索引,,16
medicare_2025_12,アナフィラクトイド紫斑病,アナフィラクトイドシハンビョウ,67,70,傷病名索引,,17
medicare_2025_12,アニサキス症,アニサキスショウ,50,53,傷病名索引,,18
medicare_2025_12,アミロイドーシス,アミロイドーシス,89,92,傷病名索引,,19
medicare_2025_12,アルコール依存症,アルコールイゾンショウ,89,92,傷病名索引,,20
medicare_2025_12,アルコール性肝炎,アルコールセイカンエン,54,57,傷病名索引,,21
medicare_2025_12,アルコール性肝障害,アルコールセイカンショウガイ,53,56,傷病名索引,,22
medicare_2025_12,アルツハイマー病,アルツハイマービョウ,66,69,傷病名索引,,23
medicare_2025_12,アルドステロン症,アルドステロンショウ,72,75,傷病名索引,,24
medicare_2025_12,アレルギー性結膜炎,アレルギーセイケツマクエン,34,37,傷病名索引,,25
medicare_2025_12,アレルギー性紫斑病,アレルギーセイシハンビョウ,67,70,傷病名索引,,26
medicare_2025_12,アレルギー性鼻炎,アレルギーセイビエン,47,50,傷病名索引,,27
medicare_2025_12,アレルギー性皮膚炎,アレルギーセイヒフエン,40,43,傷病名索引,,28
medicare_2025_12,胃アトニー,イアトニー,50,53,傷病名索引,,29
medicare_2025_12,ED,イーディー,87,90,傷病名索引,,30
medicare_2025_12,胃炎,イエン,50,53,傷病名索引,,31
medicare_2025_12,胃潰瘍,イカイヨウ,50,53,傷病名索引,,32
medicare_2025_12,胃拡張,イカクチョウ,50,53,傷病名索引,,33
medicare_2025_12,胃下垂,イカスイ,50,53,傷病名索引,,34
medicare_2025_12,胃がん,イガン,83,86,傷病名索引,,35
medicare_2025_12,異所性膵,イショセイスイ,81,84,傷病名索引,,36
medicare_2025_12,いちご状血管腫,イチゴジョウケッカンシュ,82,85,傷病名索引,,37
medicare_2025_12,胃腸炎,イチョウエン,50,53,傷病名索引,,38
medicare_2025_12,胃痛,イツウ,50,53,傷病名索引,,39
medicare_2025_12,一過性脳虚血発作,イッカセイノウキョケツホッサ,66,69,傷病名索引,,40
medicare_2025_12,一酸化炭素中毒,イッサンカタンソチュウドク,88,91,傷病名索引,,41
medicare_2025_12,胃粘膜下腫瘍,イネンマクカシュヨウ,81,84,傷病名索引,,42
medicare_2025_12,いぼ,イボ,40,43,傷病名索引,,43
medicare_2025_12,胃ポリープ,イポリープ,81,84,傷病名索引,,44
medicare_2025_12,イレウス,イレウス,51,54,傷病名索引,,45
medicare_2025_12,インスリノーマ,インスリノーマ,85,88,傷病名索引,,46
medicare_2025_12,咽頭炎,イントウエン,48,51,傷病名索引,,47
medicare_2025_12,咽頭がん,イントウガン,84,87,傷病名索引,,48
medicare_2025_12,陰のう水腫,インノウスイシュ,59,62,傷病名索引,,49
medicare_2025_12,インプラント治療,インプラントチリョウ,39,42,傷病名索引,,50
medicare_2025_12,インフルエンザ,インフルエンザ,68,71,傷病名索引,,51
medicare_2025_12,ウィリス動脈輪閉塞症,ウィリスドウミャクリンヘイソクショウ,66,69,傷病名索引,,52
medicare_2025_12,ウイルス性髄膜炎,ウイルスセイズイマクエン,65,68,傷病名索引,,53
medicare_2025_12,ウイルス性脳炎,ウイルスセイノウエン,65,68,傷病名索引,,54
medicare_2025_12,ウィルソン病,ウィルソンビョウ,72,75,傷病名索引,,55
medicare_2025_12,ウェゲナー肉芽腫症,ウェゲナーニクガシュショウ,90,93,傷病名索引,,56
medicare_2025_12,うおのめ,ウオノメ,40,43,傷病名索引,,57
medicare_2025_12,うつ病,ウツビョウ,64,67,傷病名索引,,58
medicare_2025_12,エイズ,エイズ,70,73,傷病名索引,,59
medicare_2025_12,HCV 抗体陽性,エイチシーブイコウタイヨウセイ,70,73,傷病名索引,,60
medicare_2025_12,HBV 抗原陽性,エイチビーブイコウゲンヨウセイ,70,73,傷病名索引,,61
medicare_2025_12,A 型肝炎,エーガタカンエン,52,55,傷病名索引,,62
medicare_2025_12,AGA,エージーエー,41,44,傷病名索引,,63
medicare_2025_12,ADHD,エーディーエイチディー,64,67,傷病名索引,,64
medicare_2025_12,エコノミークラス症候群,エコノミークラスショウコウグン,67,70,傷病名索引,,65
medicare_2025_12,EB ウイルス肝炎,エプスタイン・バーウイルスカンエン,52,55,傷病名索引,,66
medicare_2025_12,えらのう腫,エラノウシュ,80,83,傷病名索引,,67
medicare_2025_12,円形脱毛症,エンケイダツモウショウ,42,45,傷病名索引,,68
medicare_2025_12,円錐角膜,エンスイカクマク,34,37,傷病名索引,,69
medicare_2025_12,黄色靱帯骨化症,オウショクジンタイコッカショウ,89,92,傷病名索引,,70
medicare_2025_12,黄疸,オウダン,52,55,傷病名索引,,71
medicare_2025_12,黄斑円孔,オウハンエンコウ,34,37,傷病名索引,,72
medicare_2025_12,黄斑前膜,オウハンゼンマク,34,37,傷病名索引,,73
medicare_2025_12,黄斑浮腫,オウハンフシュ,36,39,傷病名索引,,74
medicare_2025_12,黄斑変性症,オウハンヘンセイショウ,36,39,傷病名索引,,75
medicare_2025_12,横紋筋融解症,オウモンキンユウカイショウ,90,93,傷病名索引,,76
medicare_2025_12,O157,オーイチゴーナナ,68,71,傷病名索引,,77
medicare_2025_12,太田母斑,オオタボハン,42,45,傷病名索引,,78
medicare_2025_12,オスグット・シュラッター病,オスグット・シュラッタービョウ,44,47,傷病名索引,,79
medicare_2025_12,悪阻,オソ,76,79,傷病名索引,,80
medicare_2025_12,おたふくかぜ,オタフクカゼ,69,72,傷病名索引,,81
medicare_2025_12,親知らず,オヤシラズ,40,43,傷病名索引,,82
medicare_2025_12,外眼筋炎,ガイガンキンエン,38,41,傷病名索引,,83
medicare_2025_12,外耳炎,ガイジエン,38,41,傷病名索引,,84
medicare_2025_12,外反母趾,ガイハンボシ,43,46,傷病名索引,,85
medicare_2025_12,海綿状血管腫,カイメンジョウケッカンシュ,66,69,傷病名索引,,86
medicare_2025_12,潰瘍性大腸炎,カイヨウセイダイチョウエン,52,55,傷病名索引,,87
medicare_2025_12,解離性大動脈瘤,カイリセイダイドウミャクリュウ,56,59,傷病名索引,,88
medicare_2025_12,過活動膀胱,カカツドウボウコウ,59,62,傷病名索引,,89
medicare_2025_12,過換気症候群,カカンキショウコウグン,63,66,傷病名索引,,90
medicare_2025_12,顎下腺炎,ガクカセンエン／ガッカセンエン,40,43,傷病名索引,,91
medicare_2025_12,顎関節症,ガクカンセツショウ,39,42,傷病名索引,,92
medicare_2025_12,顎骨のう胞,ガクコツノウホウ,39,42,傷病名索引,,93
medicare_2025_12,拡張型心筋症,カクチョウガタシンキンショウ,56,59,傷病名索引,,94
medicare_2025_12,顎のう胞,ガクノウホウ,39,42,傷病名索引,,95
medicare_2025_12,角膜炎,カクマクエン,34,37,傷病名索引,,96
medicare_2025_12,角膜潰瘍,カクマクカイヨウ,34,37,傷病名索引,,97
medicare_2025_12,角膜浮腫,カクマクフシュ,34,37,傷病名索引,,98
medicare_2025_12,角膜ヘルペス,カクマクヘルペス,34,37,傷病名索引,,99
medicare_2025_12,過誤腫,カゴシュ,82,85,傷病名索引,,100
medicare_2025_12,下肢静脈瘤,カシジョウミャクリュウ,44,47,傷病名索引,,101
medicare_2025_12,下垂体機能低下症,カスイタイキノウテイカショウ,72,75,傷病名索引,,102
medicare_2025_12,下垂体腺腫,カスイタイセンシュ,86,89,傷病名索引,,103
medicare_2025_12,風邪,カゼ,68,71,傷病名索引,,104
medicare_2025_12,鵞足炎,ガソクエン,44,47,傷病名索引,,105
medicare_2025_12,家族性大腸ポリポーシス,カゾクセイダイチョウポリポーシス,86,89,傷病名索引,,106
medicare_2025_12,肩関節周囲炎,カタカンセツシュウイエン,43,46,傷病名索引,,107
medicare_2025_12,肩こり,カタコリ,43,46,傷病名索引,,108
medicare_2025_12,脚気,カッケ,71,74,傷病名索引,,109
medicare_2025_12,化膿性胸膜炎,カノウセイキョウマクエン,48,51,傷病名索引,,110
medicare_2025_12,過敏性大腸炎,カビンセイダイチョウエン,50,53,傷病名索引,,111
medicare_2025_12,過敏性腸症候群,カビンセイチョウショウコウグン,50,53,傷病名索引,,112
medicare_2025_12,花粉症,カフンショウ,47,50,傷病名索引,,113
medicare_2025_12,がま腫,ガマシュ,80,83,傷病名索引,,114
medicare_2025_12,カルチノイド,カルチノイド,84,87,傷病名索引,,115
medicare_2025_12,過労,カロウ,90,93,傷病名索引,,116
medicare_2025_12,川崎病,カワサキビョウ,55,58,傷病名索引,,117
medicare_2025_12,肝移植ドナー,カンイショクドナー,87,90,傷病名索引,,118
medicare_2025_12,肝機能障害,カンキノウショウガイ,53,56,傷病名索引,,119
medicare_2025_12,ガングリオン,ガングリオン,80,83,傷病名索引,,120
medicare_2025_12,肝血管筋脂肪腫,カンケッカンキンシボウシュ,53,56,傷病名索引,,121
medicare_2025_12,肝血管腫,カンケッカンシュ,53,56,傷病名索引,,122
medicare_2025_12,眼瞼炎,ガンケンエン,35,38,傷病名索引,,123
medicare_2025_12,眼瞼下垂,ガンケンカスイ,34,37,傷病名索引,,124
medicare_2025_12,肝硬変,カンコウヘン,54,57,傷病名索引,,125
medicare_2025_12,カンジタ症（膣）,カンジタショウ（チツ）,78,81,傷病名索引,,126
medicare_2025_12,間質性肺炎,カンシツセイハイエン,49,52,傷病名索引,,127
medicare_2025_12,間質性膀胱炎,カンシツセイボウコウエン,61,64,傷病名索引,,128
medicare_2025_12,鉗子分娩,カンシブンベン,76,79,傷病名索引,,129
medicare_2025_12,関節ねずみ,カンセツネズミ,43,46,傷病名索引,,130
medicare_2025_12,関節リウマチ,カンセツリウマチ,89,92,傷病名索引,,131
medicare_2025_12,乾癬,カンセン,42,45,傷病名索引,,132
medicare_2025_12,乾癬性関節炎,カンセンセイカンセツエン,90,93,傷病名索引,,133
medicare_2025_12,感染性腸炎,カンセンセイチョウエン,50,53,傷病名索引,,134
medicare_2025_12,肝臓がん,カンゾウガン,84,87,傷病名索引,,135
medicare_2025_12,眼底出血,ガンテイシュッケツ,36,39,傷病名索引,,136
medicare_2025_12,陥入爪,カンニュウソウ,41,44,傷病名索引,,137
medicare_2025_12,肝のう胞,カンノウホウ,53,56,傷病名索引,,138
medicare_2025_12,肝膿瘍,カンノウヨウ,53,56,傷病名索引,,139
medicare_2025_12,肝斑,カンパン,41,44,傷病名索引,,140
medicare_2025_12,乾皮症（色素性乾皮症は別疾病）,カンピショウ,40,43,傷病名索引,,141
medicare_2025_12,感冒,カンボウ,68,71,傷病名索引,,142
medicare_2025_12,顔面痙攣,ガンメンケイレン,61,64,傷病名索引,,143
medicare_2025_12,顔面神経麻痺,ガンメンシンケイマヒ,61,64,傷病名索引,,144
medicare_2025_12,キーンベック病,キーンベックビョウ,44,47,傷病名索引,,145
medicare_2025_12,気管支炎,キカンシエン,48,51,傷病名索引,,146
medicare_2025_12,気管支拡張症,キカンシカクチョウショウ,49,52,傷病名索引,,147
medicare_2025_12,気管支喘息,キカンシゼンソク,48,51,傷病名索引,,148
medicare_2025_12,気胸,キキョウ,47,50,傷病名索引,,149
medicare_2025_12,ぎっくり腰,ギックリゴシ,45,48,傷病名索引,,150
medicare_2025_12,機能性ディスペプシア,キノウセイディスペプシア,50,53,傷病名索引,,151
medicare_2025_12,逆流性胃腸炎,ギャクリュウセイイチョウエン,50,53,傷病名索引,,152
medicare_2025_12,逆流性食道炎,ギャクリュウセイショクドウエン,50,53,傷病名索引,,153
medicare_2025_12,キャッスルマン病,キャッスルマンビョウ,85,88,傷病名索引,,154
medicare_2025_12,吸引分娩,キュウインブンベン,76,79,傷病名索引,,155
medicare_2025_12,臼蓋形成不全,キュウガイケイセイフゼン,45,48,傷病名索引,,156
medicare_2025_12,急性アルコール中毒,キュウセイアルコールチュウドク,88,91,傷病名索引,,157
medicare_2025_12,急性気管支炎,キュウセイキカンシエン,48,51,傷病名索引,,158
medicare_2025_12,急性甲状腺炎,キュウセイコウジョウセンエン,70,73,傷病名索引,,159
medicare_2025_12,急性腎炎,キュウセイジンエン,60,63,傷病名索引,,160
medicare_2025_12,急性膵炎,キュウセイスイエン,54,57,傷病名索引,,161
medicare_2025_12,急性脳症,キュウセイノウショウ,66,69,傷病名索引,,162
medicare_2025_12,急性副鼻腔炎,キュウセイフクビクウエン,47,50,傷病名索引,,163
medicare_2025_12,境界型糖尿病,キョウカイガタトウニョウビョウ,71,74,傷病名索引,,164
medicare_2025_12,胸郭出口症候群,キョウカクデグチショウコウグン,49,52,傷病名索引,,165
medicare_2025_12,狭心症,キョウシンショウ,56,59,傷病名索引,,166
medicare_2025_12,胸腺腫,キョウセンシュ,86,89,傷病名索引,,167
medicare_2025_12,狭長体,キョウチョウタイ,86,89,傷病名索引,,168
medicare_2025_12,強直性脊椎炎,キョウチョクセイセキツイエン,89,92,傷病名索引,,169
medicare_2025_12,胸痛,キョウツウ,55,58,傷病名索引,,170
medicare_2025_12,強迫性障害,キョウハクセイショウガイ,63,66,傷病名索引,,171
medicare_2025_12,強皮症,キョウヒショウ,89,92,傷病名索引,,172
medicare_2025_12,胸膜炎,キョウマクエン,48,51,傷病名索引,,173
medicare_2025_12,強膜炎,キョウマクエン,35,38,傷病名索引,,174
medicare_2025_12,虚血性大腸炎,キョケツセイダイチョウエン,52,55,傷病名索引,,175
medicare_2025_12,巨細胞腫,キョサイボウシュ,86,89,傷病名索引,,176
medicare_2025_12,拒食症,キョショクショウ,64,67,傷病名索引,,177
medicare_2025_12,ギラン・バレー症候群,ギラン・バレーショウコウグン,62,65,傷病名索引,,178
medicare_2025_12,起立性調節障害,キリツセイチョウセツショウガイ,64,67,傷病名索引,,179
medicare_2025_12,筋委縮性側索硬化症,キンイシュクセイソクサクコウカショウ,89,92,傷病名索引,,180
medicare_2025_12,筋炎,キンエン,89,92,傷病名索引,,181
medicare_2025_12,筋ジストロフィー症,キンジストロフィーショウ,89,92,傷病名索引,,182
medicare_2025_12,菌状息肉症,キンジョウソクニクショウ,84,87,傷病名索引,,183
medicare_2025_12,クッシング症候群,クッシングショウコウグン,86,89,傷病名索引,,184
medicare_2025_12,くも状血管腫,クモジョウケッカンシュ,81,84,傷病名索引,,185
medicare_2025_12,くも膜下出血,クモマクカシュッケツ,66,69,傷病名索引,,186
medicare_2025_12,クラミジア感染症,クラミジアカンセンショウ,68,71,傷病名索引,,187
medicare_2025_12,クレチン病,クレチンビョウ,72,75,傷病名索引,,188
medicare_2025_12,クローン病,クローンビョウ,52,55,傷病名索引,,189
medicare_2025_12,群発頭痛,グンパツズツウ,65,68,傷病名索引,,190
medicare_2025_12,憩室炎,ケイシツエン,51,54,傷病名索引,,191
medicare_2025_12,頚椎症,ケイツイショウ,46,49,傷病名索引,,192
medicare_2025_12,頚椎症性神経根症,ケイツイショウセイシンケイコンショウ,46,49,傷病名索引,,193
medicare_2025_12,頚椎症性脊髄症,ケイツイショウセイセキズイショウ,47,50,傷病名索引,,194
medicare_2025_12,頚椎椎間板症,ケイツイツイカンバンショウ,46,49,傷病名索引,,195
medicare_2025_12,頚椎捻挫,ケイツイネンザ,46,49,傷病名索引,,196
medicare_2025_12,劇症肝炎,ゲキショウカンエン,54,57,傷病名索引,,197
medicare_2025_12,下血,ゲケツ,52,55,傷病名索引,,198
medicare_2025_12,結核（肺）,ケッカク（ハイ）,47,50,傷病名索引,,199
medicare_2025_12,血管腫,ケッカンシュ,81,84,傷病名索引,,200
medicare_2025_12,月経困難症,ゲッケイコンナンショウ,79,82,傷病名索引,,201
medicare_2025_12,月経随伴性気胸,ゲッケイズイハンセイキキョウ,80,83,傷病名索引,,202
medicare_2025_12,月経前症候群,ゲッケイマエショウコウグン,79,82,傷病名索引,,203
medicare_2025_12,月状骨軟化症,ゲツジョウコツナンカショウ,44,47,傷病名索引,,204
medicare_2025_12,血小板減少症,ケッショウバンゲンショウショウ,68,71,傷病名索引,,205
medicare_2025_12,血小板増加症,ケッショウバンゾウカショウ,68,71,傷病名索引,,206
medicare_2025_12,結節性甲状腺腫,ケッセツセイコウジョウセンシュ,81,84,傷病名索引,,207
medicare_2025_12,結節性紅斑,ケッセツセイコウハン,89,92,傷病名索引,,208
medicare_2025_12,結節性動脈周囲炎,ケッセツセイドウミャクシュウイエン,56,59,傷病名索引,,209
medicare_2025_12,血栓性血小板減少性紫斑病,ケッセンセイケッショウバンゲンショウセイシハンビョウ,67,70,傷病名索引,,210
medicare_2025_12,血栓性静脈炎,ケッセンセイジョウミャクエン,56,59,傷病名索引,,211
medicare_2025_12,結腸がん,ケッチョウガン,83,86,傷病名索引,,212
medicare_2025_12,血尿,ケツニョウ,59,62,傷病名索引,,213
medicare_2025_12,結膜炎,ケツマクエン,34,37,傷病名索引,,214
medicare_2025_12,結膜結石,ケツマクケッセキ,35,38,傷病名索引,,215
medicare_2025_12,結膜浮腫,ケツマクフシュ,35,38,傷病名索引,,216
medicare_2025_12,血友病,ケツユウビョウ,67,70,傷病名索引,,217
medicare_2025_12,限局性結節性過形成,ゲンキョクセイケッセツセイカケイセイ,53,56,傷病名索引,,218
medicare_2025_12,限局性腸炎,ゲンキョクセイチョウエン,52,55,傷病名索引,,219
medicare_2025_12,腱鞘炎,ケンショウエン,43,46,傷病名索引,,220
medicare_2025_12,原発性アルドステロン症,ゲンパツセイアルドステロンショウ,72,75,傷病名索引,,221
medicare_2025_12,原発性胆汁性肝硬変,ゲンパツセイタンジュウセイカンコウヘン,54,57,傷病名索引,,222
medicare_2025_12,原発性胆汁性胆管炎,ゲンパツセイタンジュウセイタンカンエン,54,57,傷病名索引,,223
medicare_2025_12,腱板損傷,ケンバンソンショウ,43,46,傷病名索引,,224
medicare_2025_12,口蓋裂,コウガイレツ,40,43,傷病名索引,,225
medicare_2025_12,高眼圧,コウガンアツ,36,39,傷病名索引,,226
medicare_2025_12,高血圧症,コウケツアツショウ,55,58,傷病名索引,,227
medicare_2025_12,高血糖,コウケットウ,71,74,傷病名索引,,228
medicare_2025_12,膠原病,コウゲンビョウ,89,92,傷病名索引,,229
medicare_2025_12,虹彩炎,コウサイエン,35,38,傷病名索引,,230
medicare_2025_12,虹彩毛様体炎,コウサイモウヨウタイエン,35,38,傷病名索引,,231
medicare_2025_12,好酸球性気管支炎,コウサンキュウセイキカンシエン,49,52,傷病名索引,,232
medicare_2025_12,好酸球性肺炎,コウサンキュウセイハイエン,49,52,傷病名索引,,233
medicare_2025_12,好酸球性副鼻腔炎,コウサンキュウセイフクビクウエン,47,50,傷病名索引,,234
medicare_2025_12,高脂血症,コウシケッショウ,70,73,傷病名索引,,235
medicare_2025_12,光視症,コウシショウ,34,37,傷病名索引,,236
medicare_2025_12,格子状角膜変性,コウシジョウカクマクヘンセイ,36,39,傷病名索引,,237
medicare_2025_12,高次脳機能障害,コウジノウキノウショウガイ,64,67,傷病名索引,,238
medicare_2025_12,後縦隔腫瘍,コウジュウカクシュヨウ,85,88,傷病名索引,,239
medicare_2025_12,後縦靱帯骨化症,コウジュウジンタイコッカショウ,89,92,傷病名索引,,240
medicare_2025_12,甲状腺がん,コウジョウセンガン,83,86,傷病名索引,,241
medicare_2025_12,甲状腺機能亢進症甲状腺機能低下症,コウジョウセンキノウコウシンショウ,70,73,傷病名索引,,242
medicare_2025_12,甲状腺機能低下症（先天性甲状腺機能低下症は別疾病）,コウジョウセンキノウテイカショウ,70,73,傷病名索引,,243
medicare_2025_12,下症は別疾病）甲状腺腫,コウジョウセンシュ,81,84,傷病名索引,,244
medicare_2025_12,甲状腺のう胞,コウジョウセンノウホウ,81,84,傷病名索引,,245
medicare_2025_12,甲状腺眼症,コウジョウセンガンショウ,37,40,傷病名索引,,246
medicare_2025_12,甲状腺濾胞腺腫,コウジョウセンロホウセンシュ,81,84,傷病名索引,,247
medicare_2025_12,口唇口蓋裂,コウシンコウガイレツ,40,43,傷病名索引,,248
medicare_2025_12,口唇ヘルペス,コウシンヘルペス,40,43,傷病名索引,,249
medicare_2025_12,拘束型心筋症,コウソクガタシンキンショウ,56,59,傷病名索引,,250
medicare_2025_12,後天性免疫不全症候群,コウテンセイメンエキフゼンショウコウグン,89,92,傷病名索引,,251
medicare_2025_12,喉頭炎,コウトウエン,48,51,傷病名索引,,252
medicare_2025_12,喉頭蓋炎,コウトウガイエン,48,51,傷病名索引,,253
medicare_2025_12,喉頭がん,コウトウガン,84,87,傷病名索引,,254
medicare_2025_12,口内炎,コウナイエン,40,43,傷病名索引,,255
medicare_2025_12,高尿酸血症,コウニョウサンケッショウ,70,73,傷病名索引,,256
medicare_2025_12,更年期障害,コウネンキショウガイ,73,76,傷病名索引,,257
medicare_2025_12,後鼻漏,コウビロウ,47,50,傷病名索引,,258
medicare_2025_12,高プロラクチン血症,コウプロラクチンケッショウ,72,75,傷病名索引,,259
medicare_2025_12,硬膜下血腫（外傷性）,コウマクカケッシュ（ガイショウセイ）,66,69,傷病名索引,,260
medicare_2025_12,肛門がん,コウモンガン,84,87,傷病名索引,,261
medicare_2025_12,肛門周囲膿瘍,コウモンシュウイノウヨウ,51,54,傷病名索引,,262
medicare_2025_12,肛門ポリープ,コウモンポリープ,81,84,傷病名索引,,263
medicare_2025_12,抗リン脂質抗体症候群,コウリンシシツコウタイショウコウグン,80,83,傷病名索引,,264
medicare_2025_12,コーツ病,コーツビョウ,36,39,傷病名索引,,265
medicare_2025_12,股関節炎,コカンセツエン,45,48,傷病名索引,,266
medicare_2025_12,五十肩,ゴジュウカタ,43,46,傷病名索引,,267
medicare_2025_12,骨髄異形成症候群,コツズイイケイセイショウコウグン,84,87,傷病名索引,,268
medicare_2025_12,骨髄移植ドナー,コツズイイショクドナー,87,90,傷病名索引,,269
medicare_2025_12,骨髄炎,コツズイエン,67,70,傷病名索引,,270
medicare_2025_12,骨髄腫,コツズイシュ,84,87,傷病名索引,,271
medicare_2025_12,骨髄線維症,コツズイセンイショウ,85,88,傷病名索引,,272
medicare_2025_12,骨折（四肢）,コッセツ（シシ）,44,47,傷病名索引,,273
medicare_2025_12,骨粗鬆症,コツソショウショウ,71,74,傷病名索引,,274
medicare_2025_12,骨軟骨腫,コツナンコツシュ,80,83,傷病名索引,,275
medicare_2025_12,骨肉腫,コツニクシュ,84,87,傷病名索引,,276
medicare_2025_12,骨のう腫,コツノウシュ,80,83,傷病名索引,,277
medicare_2025_12,骨盤位,コツバンイ,75,78,傷病名索引,,278
medicare_2025_12,骨盤腹膜炎,コツバンフクマクエン,75,78,傷病名索引,,279
medicare_2025_12,鼓膜穿孔,コマクセンコウ,38,41,傷病名索引,,280
medicare_2025_12,コレラ,コレラ,69,72,傷病名索引,,281
medicare_2025_12,細菌性髄膜炎,サイキンセイズイマクエン,65,68,傷病名索引,,282
medicare_2025_12,細菌性脳炎,サイキンセイノウエン,65,68,傷病名索引,,283
medicare_2025_12,細菌性肺炎,サイキンセイハイエン,48,51,傷病名索引,,284
medicare_2025_12,再生不良性貧血,サイセイフリョウセイヒンケツ,68,71,傷病名索引,,285
medicare_2025_12,臍ヘルニア,サイヘルニア,50,53,傷病名索引,,286
medicare_2025_12,逆さまつ毛,サカサマツゲ,35,38,傷病名索引,,287
medicare_2025_12,坐骨神経痛,ザコツシンケイツウ,45,48,傷病名索引,,288
medicare_2025_12,サラセミア,サラセミア,68,71,傷病名索引,,289
medicare_2025_12,サルコイドーシス,サルコイドーシス,55,58,傷病名索引,,290
medicare_2025_12,三叉神経痛,サンサシンケイツウ,61,64,傷病名索引,,291
medicare_2025_12,三尖弁狭窄症,サンセンベンキョウサクショウ,56,59,傷病名索引,,292
medicare_2025_12,三尖弁閉鎖不全症,サンセンベンヘイサフゼンショウ,56,59,傷病名索引,,293
medicare_2025_12,霰粒腫,サンリュウシュ,35,38,傷病名索引,,294
medicare_2025_12,痔・痔核,ジ・ジカク,51,54,傷病名索引,,295
medicare_2025_12,COPD,シーオーピーディー,49,52,傷病名索引,,296
medicare_2025_12,C 型肝炎,シーガタカンエン,54,57,傷病名索引,,297
medicare_2025_12,C型肝炎ウィルスキャリア,シーガタカンエンウィルスキャリア,54,57,傷病名索引,,298
medicare_2025_12,シェーグレン症候群,シェーグレンショウコウグン,89,92,傷病名索引,,299
medicare_2025_12,シェーンライン・ヘノッホ紫斑病,シェーンライン・ヘノッホシハンビョウ,67,70,傷病名索引,,300
medicare_2025_12,耳下腺炎,ジカセンエン,40,43,傷病名索引,,301
medicare_2025_12,耳下腺腫瘍,ジカセンシュヨウ,82,85,傷病名索引,,302
medicare_2025_12,耳下腺のう胞,ジカセンノウホウ,82,85,傷病名索引,,303
medicare_2025_12,子癇,シカン,80,83,傷病名索引,,304
medicare_2025_12,耳管開放症,ジカンカイホウショウ,38,41,傷病名索引,,305
medicare_2025_12,耳管狭窄症,ジカンキョウサクショウ,38,41,傷病名索引,,306
medicare_2025_12,色素性乾皮症（乾皮症は別疾病）,シキソセイカンピショウ,85,88,傷病名索引,,307
medicare_2025_12,色素性母斑,シキソセイボハン,42,45,傷病名索引,,308
medicare_2025_12,子宮外妊娠,シキュウガイニンシン,75,78,傷病名索引,,309
medicare_2025_12,子宮奇形,シキュウキケイ,77,80,傷病名索引,,310
medicare_2025_12,子宮筋腫,シキュウキンシュ,73,76,傷病名索引,,311
medicare_2025_12,子宮頚がん,シキュウケイガン,82,85,傷病名索引,,312
medicare_2025_12,子宮頚管炎,シキュウケイカンエン,78,81,傷病名索引,,313
medicare_2025_12,子宮頚管ポリープ,シキュウケイカンポリープ,80,83,傷病名索引,,314
medicare_2025_12,子宮頚管無力症,シキュウケイカンムリョクショウ,75,78,傷病名索引,,315
medicare_2025_12,子宮頚部異形成,シキュウケイブイケイセイ,74,77,傷病名索引,,316
medicare_2025_12,子宮頚部上皮内腫瘍,シキュウケイブジョウヒナイシュヨウ,82,85,傷病名索引,,317
medicare_2025_12,子宮頚部びらん,シキュウケイブビラン,72,75,傷病名索引,,318
medicare_2025_12,子宮出血,シキュウシュッケツ,79,82,傷病名索引,,319
medicare_2025_12,子宮腺筋症,シキュウセンキンショウ,74,77,傷病名索引,,320
medicare_2025_12,子宮体がん,シキュウタイガン,83,86,傷病名索引,,321
medicare_2025_12,糸球体腎炎,シキュウタイジンエン,61,64,傷病名索引,,322
medicare_2025_12,子宮脱,シキュウダツ,72,75,傷病名索引,,323
medicare_2025_12,子宮内膜炎,シキュウナイマクエン,75,78,傷病名索引,,324
medicare_2025_12,子宮内膜症,シキュウナイマクショウ,74,77,傷病名索引,,325
medicare_2025_12,子宮内膜ポリープ,シキュウナイマクポリープ,80,83,傷病名索引,,326
medicare_2025_12,子宮付属器炎,シキュウフゾクキエン,75,78,傷病名索引,,327
medicare_2025_12,子宮復古不全,シキュウフッコフゼン,77,80,傷病名索引,,328
medicare_2025_12,耳硬化症,ジコウカショウ,38,41,傷病名索引,,329
medicare_2025_12,自己免疫性肝炎,ジコメンエキセイカンエン,54,57,傷病名索引,,330
medicare_2025_12,歯根のう胞,シコンノウホウ,39,42,傷病名索引,,331
medicare_2025_12,死産,シザン,76,79,傷病名索引,,332
medicare_2025_12,脂質異常症,シシツイジョウショウ,70,73,傷病名索引,,333
medicare_2025_12,四十肩,シジュウカタ,43,46,傷病名索引,,334
medicare_2025_12,視神経炎,シシンケイエン,38,41,傷病名索引,,335
medicare_2025_12,視神経乳頭陥凹拡大,シシンケイニュウトウカンオウカクダイ,36,39,傷病名索引,,336
medicare_2025_12,ジストニア,ジストニア,64,67,傷病名索引,,337
medicare_2025_12,自然気胸,シゼンキキョウ,47,50,傷病名索引,,338
medicare_2025_12,脂腺母斑,シセンボハン,42,45,傷病名索引,,339
medicare_2025_12,湿疹,シッシン,40,43,傷病名索引,,340
medicare_2025_12,失神,シッシン,63,66,傷病名索引,,341
medicare_2025_12,失明,シツメイ,37,40,傷病名索引,,342
medicare_2025_12,紫斑病,シハンビョウ,67,70,傷病名索引,,343
medicare_2025_12,自閉症,ジヘイショウ,63,66,傷病名索引,,344
medicare_2025_12,自閉スペクトラム症,ジヘイスペクトラムショウ,63,66,傷病名索引,,345
medicare_2025_12,ジベルばら色粃糠疹,ジベルバライロヒコウシン,41,44,傷病名索引,,346
medicare_2025_12,脂肪肝,シボウカン,53,56,傷病名索引,,347
medicare_2025_12,脂肪腫,シボウシュ,82,85,傷病名索引,,348
medicare_2025_12,しみ・そばかす,シミ・ソバカス,41,44,傷病名索引,,349
medicare_2025_12,斜頚,シャケイ,46,49,傷病名索引,,350
medicare_2025_12,斜視,シャシ,34,37,傷病名索引,,351
medicare_2025_12,尺骨神経麻痺,シャッコツシンケイマヒ,44,47,傷病名索引,,352
medicare_2025_12,縦隔気腫,ジュウカクキシュ,47,50,傷病名索引,,353
medicare_2025_12,縦隔腫瘍,ジュウカクシュヨウ,85,88,傷病名索引,,354
medicare_2025_12,重症筋無力症,ジュウショウキンムリョクショウ,63,66,傷病名索引,,355
medicare_2025_12,十二指腸潰瘍,ジュウニシチョウカイヨウ,50,53,傷病名索引,,356
medicare_2025_12,十二指腸がん,ジュウニシチョウガン,84,87,傷病名索引,,357
medicare_2025_12,絨毛性疾患,ジュウモウセイシッカン,79,82,傷病名索引,,358
medicare_2025_12,手根管症候群,シュコンカンショウコウグン,43,46,傷病名索引,,359
medicare_2025_12,酒さ,シュサ,41,44,傷病名索引,,360
medicare_2025_12,消化管間質腫瘍,ショウカカンカンシツシュヨウ,85,88,傷病名索引,,361
medicare_2025_12,上顎洞炎,ジョウガクドウエン,47,50,傷病名索引,,362
medicare_2025_12,上強膜炎,ジョウキョウマクエン,35,38,傷病名索引,,363
medicare_2025_12,小耳症,ショウジショウ,39,42,傷病名索引,,364
medicare_2025_12,硝子体出血,ショウシタイシュッケツ,36,39,傷病名索引,,365
medicare_2025_12,掌蹠膿疱症,ショウセキノウホウショウ,42,45,傷病名索引,,366
medicare_2025_12,小腸ポリープ,ショウチョウポリープ,86,89,傷病名索引,,367
medicare_2025_12,静脈炎,ジョウミャクエン,56,59,傷病名索引,,368
medicare_2025_12,食中毒,ショクチュウドク,50,53,傷病名索引,,369
medicare_2025_12,食道アカラシア,ショクドウアカラシア,51,54,傷病名索引,,370
medicare_2025_12,食道がん,ショクドウガン,84,87,傷病名索引,,371
medicare_2025_12,食道静脈瘤,ショクドウジョウミャクリュウ,54,57,傷病名索引,,372
medicare_2025_12,食道粘膜下腫瘍,ショクドウネンマクカシュヨウ,81,84,傷病名索引,,373
medicare_2025_12,食道裂孔ヘルニア,ショクドウレッコウヘルニア,50,53,傷病名索引,,374
medicare_2025_12,自律神経失調症,ジリツシンケイシッチョウショウ,64,67,傷病名索引,,375
medicare_2025_12,痔ろう,ジロウ,51,54,傷病名索引,,376
medicare_2025_12,耳瘻孔,ジロウコウ,38,41,傷病名索引,,377
medicare_2025_12,腎移植ドナー,ジンイショクドナー,87,90,傷病名索引,,378
medicare_2025_12,心因反応,シンインハンノウ,63,66,傷病名索引,,379
medicare_2025_12,腎盂炎,ジンウエン,58,61,傷病名索引,,380
medicare_2025_12,腎盂腎炎,ジンウジンエン,58,61,傷病名索引,,381
medicare_2025_12,腎炎（詳細不明）,ジンエン（ショウサイフメイ）,61,64,傷病名索引,,382
medicare_2025_12,新型コロナウイルス感染症,シンガタコロナウイルスカンセンショウ,69,72,傷病名索引,,383
medicare_2025_12,心気症,シンキショウ,63,66,傷病名索引,,384
medicare_2025_12,心筋炎,シンキンエン,56,59,傷病名索引,,385
medicare_2025_12,心筋梗塞,シンキンコウソク,57,60,傷病名索引,,386
medicare_2025_12,心筋症,シンキンショウ,57,60,傷病名索引,,387
medicare_2025_12,神経因性膀胱,シンケイインセイボウコウ,65,68,傷病名索引,,388
medicare_2025_12,神経炎,シンケイエン,64,67,傷病名索引,,389
medicare_2025_12,神経過敏症,シンケイカビンショウ,64,67,傷病名索引,,390
medicare_2025_12,神経症,シンケイショウ,64,67,傷病名索引,,391
medicare_2025_12,神経線維腫症,シンケイセンイシュショウ,85,88,傷病名索引,,392
medicare_2025_12,腎血管筋脂肪腫,ジンケッカンキンシボウシュ,60,63,傷病名索引,,393
medicare_2025_12,腎梗塞,ジンコウソク,61,64,傷病名索引,,394
medicare_2025_12,人工透析,ジンコウトウセキ,61,64,傷病名索引,,395
medicare_2025_12,人工妊娠中絶,ジンコウニンシンチュウゼツ,76,79,傷病名索引,,396
medicare_2025_12,人工弁（心臓弁置換術後）,ジンコウベン（シンゾウベンチカンジュツゴ）,57,60,傷病名索引,,397
medicare_2025_12,心室性期外収縮,シンシツセイキガイシュウシュク,56,59,傷病名索引,,398
medicare_2025_12,心室中隔欠損,シンシツチュウカクケッソン,57,60,傷病名索引,,399
medicare_2025_12,腎周囲膿瘍,ジンシュウイノウヨウ,61,64,傷病名索引,,400
medicare_2025_12,真珠腫性中耳炎,シンジュシュセイチュウジエン,38,41,傷病名索引,,401
medicare_2025_12,滲出性中耳炎,シンシュツセイチュウジエン,38,41,傷病名索引,,402
medicare_2025_12,滲出性網膜症,シンシュツセイモウマクショウ,36,39,傷病名索引,,403
medicare_2025_12,尋常性乾癬,ジンジョウセイカンセン,42,45,傷病名索引,,404
medicare_2025_12,尋常性白斑,ジンジョウセイハクハン,40,43,傷病名索引,,405
medicare_2025_12,心身症,シンシンショウ,64,67,傷病名索引,,406
medicare_2025_12,真性多血症,シンセイタケツショウ,84,87,傷病名索引,,407
medicare_2025_12,腎石灰化,ジンセッカイカ,60,63,傷病名索引,,408
medicare_2025_12,振戦,シンセン,64,67,傷病名索引,,409
medicare_2025_12,腎臓がん,ジンゾウガン,83,86,傷病名索引,,410
medicare_2025_12,腎臓結核,ジンゾウケッカク,61,64,傷病名索引,,411
medicare_2025_12,腎臓結石,ジンゾウケッセキ,58,61,傷病名索引,,412
medicare_2025_12,腎臓摘出（外傷）,ジンゾウテキシュツ（ガイショウ）,60,63,傷病名索引,,413
medicare_2025_12,腎臓摘出（疾病）,ジンゾウテキシュツ（シッペイ）,61,64,傷病名索引,,414
medicare_2025_12,心臓弁膜症,シンゾウベンマクショウ,57,60,傷病名索引,,415
medicare_2025_12,靱帯損傷,ジンタイソンショウ,43,46,傷病名索引,,416
medicare_2025_12,腎のう胞（のう胞腎は別疾病）,ジンノウホウ,60,63,傷病名索引,,417
medicare_2025_12,腎膿瘍,ジンノウヨウ,61,64,傷病名索引,,418
medicare_2025_12,塵肺,ジンパイ,49,52,傷病名索引,,419
medicare_2025_12,心肥大,シンヒダイ,56,59,傷病名索引,,420
medicare_2025_12,深部静脈血栓症,シンブジョウミャクケッセンショウ,57,60,傷病名索引,,421
medicare_2025_12,心不全,シンフゼン,57,60,傷病名索引,,422
medicare_2025_12,腎不全,ジンフゼン,61,64,傷病名索引,,423
medicare_2025_12,心房細動,シンボウサイドウ,56,59,傷病名索引,,424
medicare_2025_12,心房粗動,シンボウソドウ,56,59,傷病名索引,,425
medicare_2025_12,心房中隔欠損,シンボウチュウカクケッソン,57,60,傷病名索引,,426
medicare_2025_12,心膜炎,シンマクエン,57,60,傷病名索引,,427
medicare_2025_12,蕁麻疹,ジンマシン,40,43,傷病名索引,,428
medicare_2025_12,水痘,スイトウ,69,72,傷病名索引,,429
medicare_2025_12,スイート病,スイートビョウ,90,93,傷病名索引,,430
medicare_2025_12,膵炎（詳細不明）,スイエン（ショウサイフメイ）,54,57,傷病名索引,,431
medicare_2025_12,膵管拡張,スイカンカクチョウ,54,57,傷病名索引,,432
medicare_2025_12,膵管狭窄,スイカンキョウサク,54,57,傷病名索引,,433
medicare_2025_12,膵管内乳頭粘液性腫瘍,スイカンナイニュウトウネンエキセイシュヨウ,85,88,傷病名索引,,434
medicare_2025_12,膵腫瘍,スイシュヨウ,85,88,傷病名索引,,435
medicare_2025_12,水腎症,スイジンショウ,61,64,傷病名索引,,436
medicare_2025_12,膵石症,スイセキショウ,54,57,傷病名索引,,437
medicare_2025_12,膵臓がん,スイゾウガン,84,87,傷病名索引,,438
medicare_2025_12,水頭症,スイトウショウ,66,69,傷病名索引,,439
medicare_2025_12,膵のう胞,スイノウホウ,54,57,傷病名索引,,440
medicare_2025_12,膵膿瘍,スイノウヨウ,54,57,傷病名索引,,441
medicare_2025_12,髄膜炎,ズイマクエン,65,68,傷病名索引,,442
medicare_2025_12,髄膜腫,ズイマクシュ,86,89,傷病名索引,,443
medicare_2025_12,睡眠時無呼吸症候群,スイミンジムコキュウショウコウグン,47,50,傷病名索引,,444
medicare_2025_12,睡眠薬服用,スイミンヤクフクヨウ,63,66,傷病名索引,,445
medicare_2025_12,スタージ・ウェーバー症候群,スタージ・ウェーバーショウコウグン,64,67,傷病名索引,,446
medicare_2025_12,頭痛,ズツウ,65,68,傷病名索引,,447
medicare_2025_12,スティーブンスジョンソン症候群,スティーブンスジョンソンショウコウグン,90,93,傷病名索引,,448
medicare_2025_12,ストレートネック,ストレートネック,46,49,傷病名索引,,449
medicare_2025_12,すべり症（腰）,スベリショウ（コシ）,45,48,傷病名索引,,450
medicare_2025_12,精索静脈瘤,セイサクジョウミャクリュウ,58,61,傷病名索引,,451
medicare_2025_12,成熟のう胞性奇形腫,セイジュクノウホウセイキケイシュ,78,81,傷病名索引,,452
medicare_2025_12,成人スティル病,セイジンスティルビョウ,89,92,傷病名索引,,453
medicare_2025_12,精巣炎,セイソウエン,58,61,傷病名索引,,454
medicare_2025_12,精巣がん,セイソウガン,83,86,傷病名索引,,455
medicare_2025_12,精巣上体炎,セイソウジョウタイエン,58,61,傷病名索引,,456
medicare_2025_12,声帯炎,セイタイエン,48,51,傷病名索引,,457
medicare_2025_12,声帯ポリープ,セイタイポリープ,80,83,傷病名索引,,458
medicare_2025_12,正中頚のう胞,セイチュウケイノウホウ,41,44,傷病名索引,,459
medicare_2025_12,生理痛,セイリツウ,72,75,傷病名索引,,460
medicare_2025_12,生理不順,セイリフジュン,79,82,傷病名索引,,461
medicare_2025_12,脊髄小脳変性症,セキズイショウノウヘンセイショウ,66,69,傷病名索引,,462
medicare_2025_12,脊髄損傷,セキズイソンショウ,64,67,傷病名索引,,463
medicare_2025_12,咳喘息,セキゼンソク,48,51,傷病名索引,,464
medicare_2025_12,脊柱管狭窄症（腰）,セキチュウカンキョウサクショウ（コシ）,45,48,傷病名索引,,465
medicare_2025_12,脊椎分離症（腰以外）,セキツイブンリショウ（コシイガイ）,46,49,傷病名索引,,466
medicare_2025_12,赤痢,セキリ,69,72,傷病名索引,,467
medicare_2025_12,舌炎,ゼツエン,40,43,傷病名索引,,468
medicare_2025_12,舌がん,ゼツガン,84,87,傷病名索引,,469
medicare_2025_12,摂食障害,セッショクショウガイ,64,67,傷病名索引,,470
medicare_2025_12,接触性皮膚炎,セッショクセイヒフエン,41,44,傷病名索引,,471
medicare_2025_12,切迫早産,セッパクソウザン,75,78,傷病名索引,,472
medicare_2025_12,切迫流産,セッパクリュウザン,75,78,傷病名索引,,473
medicare_2025_12,セミノーマ,セミノーマ,83,86,傷病名索引,,474
medicare_2025_12,線維筋痛症,センイキンツウショウ,65,68,傷病名索引,,475
medicare_2025_12,線維性骨異形成症,センイセイコツイケイセイショウ,89,92,傷病名索引,,476
medicare_2025_12,尖圭コンジローマ,センケイコンジローマ,69,72,傷病名索引,,477
medicare_2025_12,全身性エリテマトーデス,ゼンシンセイエリテマトーデス,89,92,傷病名索引,,478
medicare_2025_12,全身性硬化症,ゼンシンセイコウカショウ,89,92,傷病名索引,,479
medicare_2025_12,喘息,ゼンソク,48,51,傷病名索引,,480
medicare_2025_12,前置胎盤,ゼンチタイバン,75,78,傷病名索引,,481
medicare_2025_12,前庭神経炎,ゼンテイシンケイエン,62,65,傷病名索引,,482
medicare_2025_12,先天性甲状腺機能低下症,センテンセイコウジョウセンキノウテイカショウ,72,75,傷病名索引,,483
medicare_2025_12,先天性股関節脱臼,センテンセイコカンセツダッキュウ,45,48,傷病名索引,,484
medicare_2025_12,先天性耳ろう孔,センテンセイジロウコウ,38,41,傷病名索引,,485
medicare_2025_12,先天性心疾患,センテンセイシンシッカン,57,60,傷病名索引,,486
medicare_2025_12,先天性胆管拡張症,センテンセイタンカンカクチョウショウ,54,57,傷病名索引,,487
medicare_2025_12,先天性胆管狭窄症,センテンセイタンカンキョウサクショウ,54,57,傷病名索引,,488
medicare_2025_12,先天性白内障,センテンセイハクナイショウ,36,39,傷病名索引,,489
medicare_2025_12,前立腺炎,ゼンリツセンエン,59,62,傷病名索引,,490
medicare_2025_12,前立腺がん,ゼンリツセンガン,84,87,傷病名索引,,491
medicare_2025_12,前立腺肥大,ゼンリツセンヒダイ,60,63,傷病名索引,,492
medicare_2025_12,躁うつ病,ソウウツビョウ,64,67,傷病名索引,,493
medicare_2025_12,双角子宮,ソウカクシキュウ,77,80,傷病名索引,,494
medicare_2025_12,双極性障害,ソウキョクセイショウガイ,64,67,傷病名索引,,495
medicare_2025_12,早産,ソウザン,75,78,傷病名索引,,496
medicare_2025_12,総胆管結石,ソウタンカンケッセキ,53,56,傷病名索引,,497
medicare_2025_12,早発閉経,ソウハツヘイケイ,79,82,傷病名索引,,498
medicare_2025_12,躁病,ソウビョウ,64,67,傷病名索引,,499
medicare_2025_12,僧帽弁逸脱症,ソウボウベンイツダツショウ,57,60,傷病名索引,,500
medicare_2025_12,僧帽弁狭窄症,ソウボウベンキョウサクショウ,57,60,傷病名索引,,501
medicare_2025_12,僧帽弁閉鎖不全,ソウボウベンヘイサフゼン,57,60,傷病名索引,,502
medicare_2025_12,足底筋膜炎,ソクテイキンマクエン,44,47,傷病名索引,,503
medicare_2025_12,側弯症,ソクワンショウ,46,49,傷病名索引,,504
medicare_2025_12,そけいヘルニア,ソケイヘルニア,50,53,傷病名索引,,505
medicare_2025_12,帯状疱疹,タイジョウホウシン,68,71,傷病名索引,,506
medicare_2025_12,大腿骨頭壊死症,ダイタイコットウエシショウ,43,46,傷病名索引,,507
medicare_2025_12,大腸がん,ダイチョウガン,83,86,傷病名索引,,508
medicare_2025_12,大腸憩室炎,ダイチョウケイシツエン,51,54,傷病名索引,,509
medicare_2025_12,大腸ポリープ,ダイチョウポリープ,81,84,傷病名索引,,510
medicare_2025_12,大動脈炎症候群,ダイドウミャクエンショウコウグン,57,60,傷病名索引,,511
medicare_2025_12,大動脈解離,ダイドウミャクカイリ,57,60,傷病名索引,,512
medicare_2025_12,大動脈弁狭窄症,ダイドウミャクベンキョウサクショウ,57,60,傷病名索引,,513
medicare_2025_12,大動脈弁閉鎖不全症,ダイドウミャクベンヘイサフゼンショウ,57,60,傷病名索引,,514
medicare_2025_12,大動脈瘤,ダイドウミャクリュウ,57,60,傷病名索引,,515
medicare_2025_12,胎盤遺残,タイバンイザン,77,80,傷病名索引,,516
medicare_2025_12,胎盤ポリープ,タイバンポリープ,77,80,傷病名索引,,517
medicare_2025_12,胎便吸引症候群,タイベンキュウインショウコウグン,49,52,傷病名索引,,518
medicare_2025_12,ダウン症,ダウンショウ,89,92,傷病名索引,,519
medicare_2025_12,唾液腺炎,ダエキセンエン,40,43,傷病名索引,,520
medicare_2025_12,高安動脈炎,タカヤスドウミャクエン,57,60,傷病名索引,,521
medicare_2025_12,多形紅斑,タケイコウハン,42,45,傷病名索引,,522
medicare_2025_12,多血症（真性多血症は別疾病）,タケツショウ,68,71,傷病名索引,,523
medicare_2025_12,たこ,タコ,41,44,傷病名索引,,524
medicare_2025_12,唾石症,ダセキショウ,39,42,傷病名索引,,525
medicare_2025_12,脱肛,ダッコウ,51,54,傷病名索引,,526
medicare_2025_12,多動症,タドウショウ,63,66,傷病名索引,,527
medicare_2025_12,多のう胞性卵巣症候群,タノウホウセイランソウショウコウグン,73,76,傷病名索引,,528
medicare_2025_12,多発血管炎性肉芽腫症,タハツケッカンエンセイニクガシュショウ,90,93,傷病名索引,,529
medicare_2025_12,多発性筋炎,タハツセイキンエン,90,93,傷病名索引,,530
medicare_2025_12,多発性硬化症,タハツセイコウカショウ,90,93,傷病名索引,,531
medicare_2025_12,多発性骨髄腫,タハツセイコツズイシュ,84,87,傷病名索引,,532
medicare_2025_12,多発性神経根炎,タハツセイシンケイコンエン,90,93,傷病名索引,,533
medicare_2025_12,多発性軟骨腫,タハツセイナンコツシュ,85,88,傷病名索引,,534
medicare_2025_12,ＷＰＷ症候群,ダブリュピーダブリュショウコウグン,56,59,傷病名索引,,535
medicare_2025_12,打撲（四肢）,ダボク（シシ）,43,46,傷病名索引,,536
medicare_2025_12,単角子宮,タンカクシキュウ,77,80,傷病名索引,,537
medicare_2025_12,胆管炎,タンカンエン,53,56,傷病名索引,,538
medicare_2025_12,胆管がん,タンカンガン,84,87,傷病名索引,,539
medicare_2025_12,胆管結石,タンカンケッセキ,53,56,傷病名索引,,540
medicare_2025_12,男性不妊症,ダンセイフニンショウ,87,90,傷病名索引,,541
medicare_2025_12,胆石,タンセキ,53,56,傷病名索引,,542
medicare_2025_12,丹毒,タンドク,41,44,傷病名索引,,543
medicare_2025_12,胆のう炎,タンノウエン,53,56,傷病名索引,,544
medicare_2025_12,胆のうがん,タンノウガン,84,87,傷病名索引,,545
medicare_2025_12,胆のうジスキネジー,タンノウジスキネジー,53,56,傷病名索引,,546
medicare_2025_12,胆のう腺筋症,タンノウセンキンショウ,53,56,傷病名索引,,547
medicare_2025_12,胆のうポリープ,タンノウポリープ,53,56,傷病名索引,,548
medicare_2025_12,蓄膿症,チクノウショウ,47,50,傷病名索引,,549
medicare_2025_12,地中海貧血,チチュウカイヒンケツ,68,71,傷病名索引,,550
medicare_2025_12,腟炎,チツエン,78,81,傷病名索引,,551
medicare_2025_12,膣カンジダ,チツカンジダ,78,81,傷病名索引,,552
medicare_2025_12,チック,チック,64,67,傷病名索引,,553
medicare_2025_12,チフス,チフス,69,72,傷病名索引,,554
medicare_2025_12,注意欠陥多動性障害,チュウイケッカンタドウセイショウガイ,64,67,傷病名索引,,555
medicare_2025_12,中隔子宮,チュウカクシキュウ,77,80,傷病名索引,,556
medicare_2025_12,中耳炎,チュウジエン,38,41,傷病名索引,,557
medicare_2025_12,中心性網膜炎,チュウシンセイモウマクエン,34,37,傷病名索引,,558
medicare_2025_12,虫垂炎,チュウスイエン,50,53,傷病名索引,,559
medicare_2025_12,中皮腫,チュウヒシュ,84,87,傷病名索引,,560
medicare_2025_12,肘部管症候群,チュウブカンショウコウグン,43,46,傷病名索引,,561
medicare_2025_12,腸間膜動脈閉塞症,チョウカンマクドウミャクヘイソクショウ,57,60,傷病名索引,,562
medicare_2025_12,腸重積,チョウジュウセキ,51,54,傷病名索引,,563
medicare_2025_12,重複子宮,チョウフクシキュウ,77,80,傷病名索引,,564
medicare_2025_12,腸閉塞,チョウヘイソク,51,54,傷病名索引,,565
medicare_2025_12,直腸がん,チョクチョウガン,83,86,傷病名索引,,566
medicare_2025_12,直腸ポリープ,チョクチョウポリープ,81,84,傷病名索引,,567
medicare_2025_12,チョコレートのう腫,チョコレートノウシュ,74,77,傷病名索引,,568
medicare_2025_12,椎間板ヘルニア（胸椎）,ツイカンバンヘルニア（キョウツイ）,46,49,傷病名索引,,569
medicare_2025_12,椎間板ヘルニア（頚椎）,ツイカンバンヘルニア（ケイツイ）,46,49,傷病名索引,,570
medicare_2025_12,椎間板ヘルニア（腰椎）,ツイカンバンヘルニア（ヨウツイ）,45,48,傷病名索引,,571
medicare_2025_12,痛風,ツウフウ,70,73,傷病名索引,,572
medicare_2025_12,痛風腎,ツウフウジン,72,75,傷病名索引,,573
medicare_2025_12,爪白癬,ツメハクセン,43,46,傷病名索引,,574
medicare_2025_12,つわり,ツワリ,76,79,傷病名索引,,575
medicare_2025_12,手足口病,テアシクチビョウ,68,71,傷病名索引,,576
medicare_2025_12,帝王切開,テイオウセッカイ,75,78,傷病名索引,,577
medicare_2025_12,低カリウム血症,テイカリウムケッショウ,71,74,傷病名索引,,578
medicare_2025_12,低出生体重児,テイシュッセイタイジュウジ,87,90,傷病名索引,,579
medicare_2025_12,停留睾丸,テイリュウコウガン,59,62,傷病名索引,,580
medicare_2025_12,適応障害,テキオウショウガイ,64,67,傷病名索引,,581
medicare_2025_12,鉄欠乏性貧血,テツケツボウセイヒンケツ,67,70,傷病名索引,,582
medicare_2025_12,テニス肘,テニスヒジ,44,47,傷病名索引,,583
medicare_2025_12,デルモイド（卵巣）,デルモイド（ランソウ）,78,81,傷病名索引,,584
medicare_2025_12,てんかん,テンカン,64,67,傷病名索引,,585
medicare_2025_12,デング熱,デングネツ,68,71,傷病名索引,,586
medicare_2025_12,伝染性紅斑,デンセンセイコウハン,68,71,傷病名索引,,587
medicare_2025_12,伝染性単核球症,デンセンセイタンカクキュウショウ,69,72,傷病名索引,,588
medicare_2025_12,天疱瘡,テンポウソウ,42,45,傷病名索引,,589
medicare_2025_12,動悸,ドウキ,55,58,傷病名索引,,590
medicare_2025_12,統合失調症,トウゴウシッチョウショウ,65,68,傷病名索引,,591
medicare_2025_12,橈骨神経麻痺,トウコツシンケイマヒ,44,47,傷病名索引,,592
medicare_2025_12,糖尿病,トウニョウビョウ,71,74,傷病名索引,,593
medicare_2025_12,洞不全症候群,ドウフゼンショウコウグン,56,59,傷病名索引,,594
medicare_2025_12,トキソプラズマ症,トキソプラズマショウ,69,72,傷病名索引,,595
medicare_2025_12,特発性血小板減少性紫斑病,トクハツセイケッショウバンゲンショウセイシハンビョウ,67,70,傷病名索引,,596
medicare_2025_12,突発性難聴,トッパツセイナンチョウ,38,41,傷病名索引,,597
medicare_2025_12,とびひ,トビヒ,41,44,傷病名索引,,598
medicare_2025_12,ドライアイ,ドライアイ,34,37,傷病名索引,,599
medicare_2025_12,内耳炎,ナイジエン,39,42,傷病名索引,,600
medicare_2025_12,内反症,ナイハンショウ,35,38,傷病名索引,,601
medicare_2025_12,内リンパ水腫,ナイリンパスイシュ,38,41,傷病名索引,,602
medicare_2025_12,NASH,ナッシュ,54,57,傷病名索引,,603
medicare_2025_12,ナットクラッカー症候群,ナットクラッカーショウコウグン,59,62,傷病名索引,,604
medicare_2025_12,ナルコレプシー,ナルコレプシー,65,68,傷病名索引,,605
medicare_2025_12,軟骨形成不全,ナンコツケイセイフゼン,90,93,傷病名索引,,606
medicare_2025_12,軟骨腫,ナンコツシュ,80,83,傷病名索引,,607
medicare_2025_12,難聴,ナンチョウ,39,42,傷病名索引,,608
medicare_2025_12,にきび,ニキビ,41,44,傷病名索引,,609
medicare_2025_12,肉腫,ニクシュ,84,87,傷病名索引,,610
medicare_2025_12,日本脳炎,ニホンノウエン,65,68,傷病名索引,,611
medicare_2025_12,乳がん,ニュウガン,83,86,傷病名索引,,612
medicare_2025_12,乳管内乳頭腫,ニュウカンナイニュウトウシュ,77,80,傷病名索引,,613
medicare_2025_12,乳児血管腫,ニュウジケッカンシュ,82,85,傷病名索引,,614
medicare_2025_12,乳腺炎,ニュウセンエン,77,80,傷病名索引,,615
medicare_2025_12,乳腺腫,ニュウセンシュ,77,80,傷病名索引,,616
medicare_2025_12,乳腺症,ニュウセンショウ,77,80,傷病名索引,,617
medicare_2025_12,乳腺石灰化,ニュウセンセッカイカ,77,80,傷病名索引,,618
medicare_2025_12,乳腺線維腺腫,ニュウセンセンイセンシュ,77,80,傷病名索引,,619
medicare_2025_12,乳腺のう胞,ニュウセンノウホウ,77,80,傷病名索引,,620
medicare_2025_12,乳頭陥凹（眼）,ニュウトウカンオウ（メ）,36,39,傷病名索引,,621
medicare_2025_12,乳頭腫,ニュウトウシュ,81,84,傷病名索引,,622
medicare_2025_12,乳房腫瘤,ニュウボウシュリュウ,77,80,傷病名索引,,623
medicare_2025_12,乳様突起炎,ニュウヨウトッキエン,38,41,傷病名索引,,624
medicare_2025_12,ニューロパチー症候群,ニューロパチーショウコウグン,65,68,傷病名索引,,625
medicare_2025_12,尿管結石,ニョウカンケッセキ,58,61,傷病名索引,,626
medicare_2025_12,尿道炎,ニョウドウエン,59,62,傷病名索引,,627
medicare_2025_12,尿道下裂,ニョウドウカレツ,61,64,傷病名索引,,628
medicare_2025_12,尿道結石,ニョウドウケッセキ,58,61,傷病名索引,,629
medicare_2025_12,尿崩症,ニョウホウショウ,72,75,傷病名索引,,630
medicare_2025_12,尿膜管遺残,ニョウマクカンイザン,51,54,傷病名索引,,631
medicare_2025_12,尿路感染症,ニョウロカンセンショウ,59,62,傷病名索引,,632
medicare_2025_12,尿路結石,ニョウロケッセキ,58,61,傷病名索引,,633
medicare_2025_12,妊娠高血圧症候群,ニンシンコウケツアツショウコウグン,78,81,傷病名索引,,634
medicare_2025_12,妊娠中（異常なし）,ニンシンチュウ,73,76,傷病名索引,,635
medicare_2025_12,妊娠糖尿病,ニンシントウニョウビョウ,78,81,傷病名索引,,636
medicare_2025_12,認知症,ニンチショウ,65,68,傷病名索引,,637
medicare_2025_12,ヌック管水腫,ヌックカンスイシュ,52,55,傷病名索引,,638
medicare_2025_12,熱傷,ネッショウ,41,44,傷病名索引,,639
medicare_2025_12,熱性けいれん,ネツセイケイレン,63,66,傷病名索引,,640
medicare_2025_12,熱中症,ネッチュウショウ,87,90,傷病名索引,,641
medicare_2025_12,ネフローゼ,ネフローゼ,61,64,傷病名索引,,642
medicare_2025_12,捻挫（四肢）,ネンザ（シシ）,43,46,傷病名索引,,643
medicare_2025_12,脳炎,ノウエン,65,68,傷病名索引,,644
medicare_2025_12,膿胸,ノウキョウ,48,51,傷病名索引,,645
medicare_2025_12,脳血栓,ノウケッセン,66,69,傷病名索引,,646
medicare_2025_12,脳梗塞,ノウコウソク,66,69,傷病名索引,,647
medicare_2025_12,脳挫傷,ノウザショウ,66,69,傷病名索引,,648
medicare_2025_12,脳出血,ノウシュッケツ,66,69,傷病名索引,,649
medicare_2025_12,脳腫瘍,ノウシュヨウ,85,88,傷病名索引,,650
medicare_2025_12,脳卒中,ノウソッチュウ,66,69,傷病名索引,,651
medicare_2025_12,脳動脈瘤,ノウドウミャクリュウ,66,69,傷病名索引,,652
medicare_2025_12,のう胞腎・多発性のう胞腎,ノウホウジン・タハツセイノウホウジン,61,64,傷病名索引,,653
medicare_2025_12,ノロウイルス,ノロウイルス,69,72,傷病名索引,,654
medicare_2025_12,パーキンソン病,パーキンソンビョウ,66,69,傷病名索引,,655
medicare_2025_12,バージャー病,バージャービョウ,58,61,傷病名索引,,656
medicare_2025_12,肺炎,ハイエン,48,51,傷病名索引,,657
medicare_2025_12,肺がん,ハイガン,83,86,傷病名索引,,658
medicare_2025_12,肺気腫,ハイキシュ,49,52,傷病名索引,,659
medicare_2025_12,敗血症,ハイケツショウ,69,72,傷病名索引,,660
medicare_2025_12,肺梗塞,ハイコウソク,49,52,傷病名索引,,661
medicare_2025_12,肺腫瘍,ハイシュヨウ,85,88,傷病名索引,,662
medicare_2025_12,肺水腫,ハイスイシュ,49,52,傷病名索引,,663
medicare_2025_12,肺性心,ハイセイシン,58,61,傷病名索引,,664
medicare_2025_12,肺線維症,ハイセンイショウ,49,52,傷病名索引,,665
medicare_2025_12,肺動脈弁狭窄症,ハイドウミャクベンキョウサクショウ,58,61,傷病名索引,,666
medicare_2025_12,梅毒,バイドク,69,72,傷病名索引,,667
medicare_2025_12,肺のう胞,ハイノウホウ,48,51,傷病名索引,,668
medicare_2025_12,肺分画症,ハイブンカクショウ,49,52,傷病名索引,,669
medicare_2025_12,肺MAC 症,ハイマックショウ,69,72,傷病名索引,,670
medicare_2025_12,白内障（先天性でない）,ハクナイショウ,34,37,傷病名索引,,671
medicare_2025_12,白板症,ハクバンショウ,40,43,傷病名索引,,672
medicare_2025_12,麦粒腫,バクリュウシュ,35,38,傷病名索引,,673
medicare_2025_12,パジェット病,パジェットビョウ,85,88,傷病名索引,,674
medicare_2025_12,はしか,ハシカ,69,72,傷病名索引,,675
medicare_2025_12,橋本病,ハシモトビョウ,70,73,傷病名索引,,676
medicare_2025_12,バセドウ病,バセドウビョウ,70,73,傷病名索引,,677
medicare_2025_12,白血球減少症,ハッケッキュウゲンショウショウ,68,71,傷病名索引,,678
medicare_2025_12,白血病,ハッケツビョウ,85,88,傷病名索引,,679
medicare_2025_12,鼻茸,ハナタケ,47,50,傷病名索引,,680
medicare_2025_12,鼻ポリープ,ハナポリープ,80,83,傷病名索引,,681
medicare_2025_12,パニック障害,パニックショウガイ,64,67,傷病名索引,,682
medicare_2025_12,ばね指,バネユビ,43,46,傷病名索引,,683
medicare_2025_12,パピローマ,パピローマ,81,84,傷病名索引,,684
medicare_2025_12,原田病,ハラダビョウ,90,93,傷病名索引,,685
medicare_2025_12,針刺し事故,ハリサシジコ,68,71,傷病名索引,,686
medicare_2025_12,バルトリン腺膿瘍,バルトリンセンノウヨウ,78,81,傷病名索引,,687
medicare_2025_12,反回神経麻痺,ハンカイシンケイマヒ,63,66,傷病名索引,,688
medicare_2025_12,半月板損傷,ハンゲツバンソンショウ,43,46,傷病名索引,,689
medicare_2025_12,ハンチントン舞踏病,ハンチントンブトウビョウ,65,68,傷病名索引,,690
medicare_2025_12,ハント症候群,ハントショウコウグン,61,64,傷病名索引,,691
medicare_2025_12,非アルコール性脂肪性肝炎,ヒアルコールセイシボウセイカンエン,54,57,傷病名索引,,692
medicare_2025_12,BMI,ビーエムアイ,86,89,傷病名索引,,693
medicare_2025_12,PMS,ピーエムエス,79,82,傷病名索引,,694
medicare_2025_12,B 型肝炎,ビーガタカンエン,54,57,傷病名索引,,695
medicare_2025_12,B型肝炎ウィルスキャリア,ビーガタカンエンウィルスキャリア,54,57,傷病名索引,,696
medicare_2025_12,非結核性抗酸菌症,ヒケッカクセイコウサンキンショウ,69,72,傷病名索引,,697
medicare_2025_12,膝関節炎,ヒザカンセツエン,44,47,傷病名索引,,698
medicare_2025_12,脾腫,ヒシュ,86,89,傷病名索引,,699
medicare_2025_12,肥大型心筋症,ヒダイガタシンキンショウ,58,61,傷病名索引,,700
medicare_2025_12,鼻中隔弯曲症,ビチュウカクワンキョクショウ,47,50,傷病名索引,,701
medicare_2025_12,非定型抗酸菌症,ヒテイケイコウサンキンショウ,69,72,傷病名索引,,702
medicare_2025_12,皮膚がん,ヒフガン,84,87,傷病名索引,,703
medicare_2025_12,皮膚筋炎,ヒフキンエン,90,93,傷病名索引,,704
medicare_2025_12,皮膚線維腫,ヒフセンイシュ,81,84,傷病名索引,,705
medicare_2025_12,飛蚊症,ヒブンショウ,35,38,傷病名索引,,706
medicare_2025_12,非ホジキンリンパ腫,ヒホジキンリンパシュ,85,88,傷病名索引,,707
medicare_2025_12,びまん性汎細気管支炎,ビマンセイハンサイキカンシエン,49,52,傷病名索引,,708
medicare_2025_12,肥満体,ヒマンタイ,86,89,傷病名索引,,709
medicare_2025_12,百日咳,ヒャクニチゼキ,47,50,傷病名索引,,710
medicare_2025_12,ひょう疽,ヒョウソ,41,44,傷病名索引,,711
medicare_2025_12,皮様のう腫（卵巣）,ヒヨウノウシュ（ランソウ）,78,81,傷病名索引,,712
medicare_2025_12,表皮のう腫,ヒョウヒノウシュ,41,44,傷病名索引,,713
medicare_2025_12,びらん性胃炎,ビランセイイエン,50,53,傷病名索引,,714
medicare_2025_12,鼻涙管狭窄症,ビルイカンキョウサクショウ,35,38,傷病名索引,,715
medicare_2025_12,ピル服用（避妊目的）,ピルフクヨウ,73,76,傷病名索引,,716
medicare_2025_12,ピロリ菌,ピロリキン,50,53,傷病名索引,,717
medicare_2025_12,貧血(単なる),ヒンケツ,67,70,傷病名索引,,718
medicare_2025_12,頻尿,ヒンニョウ,59,62,傷病名索引,,719
medicare_2025_12,ファロー四徴症,ファローシチョウショウ,58,61,傷病名索引,,720
medicare_2025_12,不安神経症,フアンシンケイショウ,64,67,傷病名索引,,721
medicare_2025_12,フィッシャー症候群,フィッシャーショウコウグン,62,65,傷病名索引,,722
medicare_2025_12,風疹,フウシン,69,72,傷病名索引,,723
medicare_2025_12,副睾丸炎,フクコウガンエン,58,61,傷病名索引,,724
medicare_2025_12,副甲状腺機能亢進症,フクコウジョウセンキノウコウシンショウ,72,75,傷病名索引,,725
medicare_2025_12,複視,フクシ,37,40,傷病名索引,,726
medicare_2025_12,副耳,フクジ,39,42,傷病名索引,,727
medicare_2025_12,副腎腫瘍,フクジンシュヨウ,85,88,傷病名索引,,728
medicare_2025_12,副腎のう腫,フクジンノウシュ,86,89,傷病名索引,,729
medicare_2025_12,腹水,フクスイ,90,93,傷病名索引,,730
medicare_2025_12,副乳,フクニュウ,42,45,傷病名索引,,731
medicare_2025_12,腹膜炎,フクマクエン,51,54,傷病名索引,,732
medicare_2025_12,不整脈（詳細不明）,フセイミャク（ショウサイフメイ）,56,59,傷病名索引,,733
medicare_2025_12,ぶどう膜炎,ブドウマクエン,35,38,傷病名索引,,734
medicare_2025_12,不妊症(男性不妊症は226 参照),フニンショウ,79,82,傷病名索引,,735
medicare_2025_12,不妊治療,フニンチリョウ,79,82,傷病名索引,,736
medicare_2025_12,不眠症,フミンショウ,63,66,傷病名索引,,737
medicare_2025_12,不明熱,フメイネツ,87,90,傷病名索引,,738
medicare_2025_12,プランマー病,プランマービョウ,70,73,傷病名索引,,739
medicare_2025_12,粉瘤,フンリュウ,80,83,傷病名索引,,740
medicare_2025_12,閉塞性動脈硬化症,ヘイソクセイドウミャクコウカショウ,58,61,傷病名索引,,741
medicare_2025_12,ページェット病,ページェットビョウ,85,88,傷病名索引,,742
medicare_2025_12,ペースメーカー使用者,ペースメーカーシヨウシャ,58,61,傷病名索引,,743
medicare_2025_12,ベーチェット病,ベーチェットビョウ,90,93,傷病名索引,,744
medicare_2025_12,ペスト,ペスト,69,72,傷病名索引,,745
medicare_2025_12,ヘビ咬傷,ヘビコウショウ,88,91,傷病名索引,,746
medicare_2025_12,ペルテス病,ペルテスビョウ,43,46,傷病名索引,,747
medicare_2025_12,ヘルプ症候群,ヘルプショウコウグン,78,81,傷病名索引,,748
medicare_2025_12,ベル麻痺,ベルマヒ,61,64,傷病名索引,,749
medicare_2025_12,変形性股関節症,ヘンケイセイコカンセツショウ,45,48,傷病名索引,,750
medicare_2025_12,変形性脊椎症（腰）,ヘンケイセイセキツイショウ（コシ）,45,48,傷病名索引,,751
medicare_2025_12,変形性脊椎症（腰以外）,ヘンケイセイセキツイショウ（コシイガイ）,46,49,傷病名索引,,752
medicare_2025_12,変形性膝関節症,ヘンケイセイヒザカンセツショウ,44,47,傷病名索引,,753
medicare_2025_12,片頭痛,ヘンズツウ,65,68,傷病名索引,,754
medicare_2025_12,扁桃炎,ヘントウエン,40,43,傷病名索引,,755
medicare_2025_12,扁桃周囲炎,ヘントウシュウイエン,40,43,傷病名索引,,756
medicare_2025_12,扁桃周囲膿瘍,ヘントウシュウイノウヨウ,40,43,傷病名索引,,757
medicare_2025_12,扁桃肥大,ヘントウヒダイ,40,43,傷病名索引,,758
medicare_2025_12,便秘症,ベンピショウ,52,55,傷病名索引,,759
medicare_2025_12,扁平足,ヘンペイソク,44,47,傷病名索引,,760
medicare_2025_12,扁平苔癬,ヘンペイタイセン,39,42,傷病名索引,,761
medicare_2025_12,蜂窩織炎,ホウカシキエン,41,44,傷病名索引,,762
medicare_2025_12,膀胱炎,ボウコウエン,59,62,傷病名索引,,763
medicare_2025_12,膀胱がん,ボウコウガン,83,86,傷病名索引,,764
medicare_2025_12,膀胱憩室,ボウコウケイシツ,61,64,傷病名索引,,765
medicare_2025_12,膀胱結石,ボウコウケッセキ,58,61,傷病名索引,,766
medicare_2025_12,膀胱腫瘍,ボウコウシュヨウ,83,86,傷病名索引,,767
medicare_2025_12,膀胱尿管逆流症,ボウコウニョウカンギャクリュウショウ,61,64,傷病名索引,,768
medicare_2025_12,膀胱ポリープ,ボウコウポリープ,83,86,傷病名索引,,769
medicare_2025_12,胞状奇胎,ホウジョウキタイ,79,82,傷病名索引,,770
medicare_2025_12,蜂巣炎,ホウソウエン,41,44,傷病名索引,,771
medicare_2025_12,ボーエン病,ボーエンビョウ,85,88,傷病名索引,,772
medicare_2025_12,ほくろ,ホクロ,42,45,傷病名索引,,773
medicare_2025_12,ホジキンリンパ腫,ホジキンリンパシュ,85,88,傷病名索引,,774
medicare_2025_12,ポスナーシュロスマン症候群,ポスナーシュロスマンショウコウグン,36,39,傷病名索引,,775
medicare_2025_12,発作性頻拍症,ホッサセイヒンパクショウ,58,61,傷病名索引,,776
medicare_2025_12,本態性血小板血症,ホンタイセイケッショウバンケッショウ,85,88,傷病名索引,,777
medicare_2025_12,本態性振戦,ホンタイセイシンセン,90,93,傷病名索引,,778
medicare_2025_12,マイコプラズマ肺炎,マイコプラズマハイエン,48,51,傷病名索引,,779
medicare_2025_12,マイボーム腺炎,マイボームセンエン,35,38,傷病名索引,,780
medicare_2025_12,巻き爪,マキヅメ,41,44,傷病名索引,,781
medicare_2025_12,麻疹,マシン,69,72,傷病名索引,,782
medicare_2025_12,まだに症,マダニショウ,69,72,傷病名索引,,783
medicare_2025_12,マラリア,マラリア,69,72,傷病名索引,,784
medicare_2025_12,マレットフィンガー,マレットフィンガー,44,47,傷病名索引,,785
medicare_2025_12,マロリーワイス症候群,マロリーワイスショウコウグン,51,54,傷病名索引,,786
medicare_2025_12,慢性肝炎,マンセイカンエン,54,57,傷病名索引,,787
medicare_2025_12,慢性気管支炎,マンセイキカンシエン,49,52,傷病名索引,,788
medicare_2025_12,慢性甲状腺炎,マンセイコウジョウセンエン,70,73,傷病名索引,,789
medicare_2025_12,慢性腎炎,マンセイジンエン,61,64,傷病名索引,,790
medicare_2025_12,慢性膵炎,マンセイスイエン,54,57,傷病名索引,,791
medicare_2025_12,慢性疲労,マンセイヒロウ,88,91,傷病名索引,,792
medicare_2025_12,慢性副鼻腔炎,マンセイフクビクウエン,47,50,傷病名索引,,793
medicare_2025_12,慢性閉塞性肺疾患,マンセイヘイソクセイハイシッカン,49,52,傷病名索引,,794
medicare_2025_12,ミオパチー,ミオパチー,65,68,傷病名索引,,795
medicare_2025_12,未熟児,ミジュクジ,87,90,傷病名索引,,796
medicare_2025_12,未熟児網膜症,ミジュクジモウマクショウ,37,40,傷病名索引,,797
medicare_2025_12,水ぼうそう,ミズボウソウ,69,72,傷病名索引,,798
medicare_2025_12,水虫,ミズムシ,41,44,傷病名索引,,799
medicare_2025_12,耳鳴り,ミミナリ,38,41,傷病名索引,,800
medicare_2025_12,脈絡膜炎,ミャクラクマクエン,35,38,傷病名索引,,801
medicare_2025_12,無菌性髄膜炎,ムキンセイズイマクエン,65,68,傷病名索引,,802
medicare_2025_12,むくみ,ムクミ,88,91,傷病名索引,,803
medicare_2025_12,虫歯,ムシバ,39,42,傷病名索引,,804
medicare_2025_12,むちうち,ムチウチ,46,49,傷病名索引,,805
medicare_2025_12,無痛性甲状腺炎,ムツウセイコウジョウセンエン,70,73,傷病名索引,,806
medicare_2025_12,ムンプス,ムンプス,69,72,傷病名索引,,807
medicare_2025_12,迷入膵,メイニュウスイ,81,84,傷病名索引,,808
medicare_2025_12,メッケル憩室炎,メッケルケイシツエン,51,54,傷病名索引,,809
medicare_2025_12,メニエール病,メニエールビョウ,38,41,傷病名索引,,810
medicare_2025_12,めまい症,メマイショウ,62,65,傷病名索引,,811
medicare_2025_12,メラノーマ,メラノーマ,85,88,傷病名索引,,812
medicare_2025_12,毛巣洞,モウソウドウ,41,44,傷病名索引,,813
medicare_2025_12,盲腸炎,モウチョウエン,50,53,傷病名索引,,814
medicare_2025_12,毛包炎,モウホウエン,41,44,傷病名索引,,815
medicare_2025_12,網膜芽細胞腫,モウマクガサイボウシュ,85,88,傷病名索引,,816
medicare_2025_12,網膜色素線条症,モウマクシキソセンジョウショウ,36,39,傷病名索引,,817
medicare_2025_12,網膜色素変性症,モウマクシキソヘンセイショウ,36,39,傷病名索引,,818
medicare_2025_12,網膜静脈分枝閉塞症,モウマクジョウミャクブンシヘイソクショウ,36,39,傷病名索引,,819
medicare_2025_12,網膜静脈閉塞症,モウマクジョウミャクヘイソクショウ,36,39,傷病名索引,,820
medicare_2025_12,網膜中心静脈閉塞症,モウマクチュウシンジョウミャクヘイソクショウ,36,39,傷病名索引,,821
medicare_2025_12,網膜動脈分枝閉塞症,モウマクドウミャクブンシヘイソクショウ,36,39,傷病名索引,,822
medicare_2025_12,網膜動脈閉塞症,モウマクドウミャクヘイソクショウ,36,39,傷病名索引,,823
medicare_2025_12,網膜はく離,モウマクハクリ,34,37,傷病名索引,,824
medicare_2025_12,網膜裂孔,モウマクレッコウ,34,37,傷病名索引,,825
medicare_2025_12,網脈絡膜委縮,モウミャクラクマクイシュク,36,39,傷病名索引,,826
medicare_2025_12,網脈絡膜炎,モウミャクラクマクエン,35,38,傷病名索引,,827
medicare_2025_12,モートン病,モートンビョウ,44,47,傷病名索引,,828
medicare_2025_12,ものもらい,モノモライ,35,38,傷病名索引,,829
medicare_2025_12,モヤモヤ病,モヤモヤビョウ,66,69,傷病名索引,,830
medicare_2025_12,野球肩,ヤキュウカタ,44,47,傷病名索引,,831
medicare_2025_12,野球肘,ヤキュウヒジ,44,47,傷病名索引,,832
medicare_2025_12,薬剤性肝炎,ヤクザイセイカンエン,52,55,傷病名索引,,833
medicare_2025_12,溶血性貧血,ヨウケツセイヒンケツ,68,71,傷病名索引,,834
medicare_2025_12,葉状腫瘍（乳房）,ヨウジョウシュヨウ（ニュウボウ）,85,88,傷病名索引,,835
medicare_2025_12,腰椎分離症,ヨウツイブンリショウ,45,48,傷病名索引,,836
medicare_2025_12,腰痛,ヨウツウ,45,48,傷病名索引,,837
medicare_2025_12,溶連菌感染症,ヨウレンキンカンセンショウ,69,72,傷病名索引,,838
medicare_2025_12,翼状片,ヨクジョウヘン,34,37,傷病名索引,,839
medicare_2025_12,ラクナ梗塞,ラクナコウソク,66,69,傷病名索引,,840
medicare_2025_12,ラトケのう胞,ラトケノウホウ,86,89,傷病名索引,,841
medicare_2025_12,卵管炎,ランカンエン,75,78,傷病名索引,,842
medicare_2025_12,卵管水腫,ランカンスイシュ,74,77,傷病名索引,,843
medicare_2025_12,ランゲルハンス細胞組織球症,ランゲルハンスサイボウソシキキュウショウ,85,88,傷病名索引,,844
medicare_2025_12,卵巣がん,ランソウガン,84,87,傷病名索引,,845
medicare_2025_12,卵巣奇形腫,ランソウキケイシュ,75,78,傷病名索引,,846
medicare_2025_12,卵巣機能不全,ランソウキノウフゼン,79,82,傷病名索引,,847
medicare_2025_12,卵巣茎捻転,ランソウケイネンテン,78,81,傷病名索引,,848
medicare_2025_12,卵巣出血,ランソウシュッケツ,79,82,傷病名索引,,849
medicare_2025_12,卵巣のう腫,ランソウノウシュ,78,81,傷病名索引,,850
medicare_2025_12,リウマチ,リウマチ,90,93,傷病名索引,,851
medicare_2025_12,リウマチ熱,リウマチネツ,90,93,傷病名索引,,852
medicare_2025_12,梨状筋症候群,リジョウキンショウコウグン,46,49,傷病名索引,,853
medicare_2025_12,リポーマ,リポーマ,82,85,傷病名索引,,854
medicare_2025_12,流行性角結膜炎,リュウコウセイカクケツマクエン,35,38,傷病名索引,,855
medicare_2025_12,流行性耳下腺炎,リュウコウセイジカセンエン,69,72,傷病名索引,,856
medicare_2025_12,流産,リュウザン,75,78,傷病名索引,,857
medicare_2025_12,良性発作性頭位めまい症,リョウセイホッサセイトウイメマイショウ,62,65,傷病名索引,,858
medicare_2025_12,緑内障,リョクナイショウ,36,39,傷病名索引,,859
medicare_2025_12,りんご病,リンゴビョウ,68,71,傷病名索引,,860
medicare_2025_12,リンパ管腫,リンパカンシュ,81,84,傷病名索引,,861
medicare_2025_12,リンパ腫,リンパシュ,85,88,傷病名索引,,862
medicare_2025_12,リンパ節炎,リンパセツエン,67,70,傷病名索引,,863
medicare_2025_12,淋病,リンビョウ,69,72,傷病名索引,,864
medicare_2025_12,類乾癬,ルイカンセン,42,45,傷病名索引,,865
medicare_2025_12,類天疱瘡,ルイテンポウソウ,42,45,傷病名索引,,866
medicare_2025_12,涙嚢炎,ルイノウエン,35,38,傷病名索引,,867
medicare_2025_12,レイノー症候群,レイノーショウコウグン,90,93,傷病名索引,,868
medicare_2025_12,レ―シック,レーシック,34,37,傷病名索引,,869
medicare_2025_12,レックリングハウゼン病,レックリングハウゼンビョウ,85,88,傷病名索引,,870
medicare_2025_12,聾,ロウ,39,42,傷病名索引,,871
medicare_2025_12,老人性角化症,ロウジンセイカクカショウ,41,44,傷病名索引,,872
medicare_2025_12,漏斗胸,ロウトキョウ,49,52,傷病名索引,,873
medicare_2025_12,肋間神経痛,ロッカンシンケイツウ,62,65,傷病名索引,,874
